nombre,apellido,mail,direccion,edad,provincia
Rebecca Farmer,Hall,currylisa@example.com,"511 John Springs
Williamview, AZ 87125",31,Pichincha
Bradley Johnson,Allen,ftorres@example.com,"84118 Mariah Isle
West Brian, AS 77637",35,Loja
Bruce Solomon,Tyler,williamsmichael@example.com,"Unit 9537 Box 8163
DPO AP 69426",35,Manabí
Dustin Thompson,Richardson,holdenmelissa@example.org,"809 Courtney Knoll Suite 040
West Kaylabury, DC 54767",30,Loja
Todd Mason,Barrett,torreskathryn@example.org,"707 James Islands Apt. 627
Raytown, OR 16261",30,Loja
Mitchell Jackson,Howard,ibarnett@example.net,"1854 Kendra Mountains
East Annahaven, MD 99372",40,Azuay
Jamie Bradley,Wright,shelbytaylor@example.net,"59310 Christopher Ferry Apt. 108
Katiemouth, MD 99638",33,Guayas
Mary Rice,Hall,molly36@example.net,"6019 Contreras Prairie
Pughshire, PW 73376",33,Azuay
Joshua Young,Smith,tmeadows@example.com,"55024 Manning Inlet
Wendymouth, FL 81879",33,Loja
Valerie Mitchell,Watkins,heatherrobles@example.com,"64802 William Ridges Suite 505
East Amy, WA 42191",32,Loja
Emily Walker,Stein,heidi22@example.com,"11542 Jeffrey Summit Suite 217
New Kelly, WY 93148",33,Loja
Mr. Zachary Liu,Howard,susanswanson@example.org,"236 Hall Cliff
South Eric, MI 36402",40,Pichincha
Jamie Carter,Taylor,jdiaz@example.com,"655 Jessica Turnpike
North Tiffany, RI 98255",39,Pichincha
Jill Jimenez,Martinez,alex62@example.org,"7717 Wilson Dam Apt. 387
Holmeston, AS 77417",31,Manabí
Johnny Farrell,Schaefer,staceymcbride@example.org,"994 Robert Square
Evansmouth, MS 20481",38,Pichincha
Anne Kim,Phillips,duncantammy@example.com,"4592 Tina Oval
South Amanda, NV 29663",38,Guayas
Juan Bryan,Anderson,weaveremily@example.com,"778 Vasquez Meadow Apt. 070
Jessicaburgh, MP 83430",37,Azuay
Francisco Hernandez,Chung,anthonygarcia@example.com,"USS Rogers
FPO AE 24296",32,Loja
William Garcia,Sullivan,harrispaul@example.com,"565 Brandi Road
Davismouth, IA 54717",34,Manabí
Randy Yates,Pope,rgonzalez@example.net,"622 Michael Burg Suite 447
East Vanessa, CA 22621",35,Pichincha
Cody Hood,Carr,adamsmith@example.org,"50660 Dominguez Spring Suite 687
Coleshire, DC 46713",33,Azuay
Robert Blake,Brown,nicholasmelton@example.org,"6709 Kristen Glens
Lake Jamesburgh, NY 98295",34,Loja
Michael Olsen,Mitchell,zsmith@example.org,"35747 Webster Crest
Lisabury, GA 76510",35,Loja
Nathaniel Howard,Graham,franklinandrea@example.com,"5168 Cohen Ramp
Gibsonshire, MT 41591",39,Pichincha
Brent Kelly,Huffman,hortondavid@example.net,"213 Mcintyre Island
West Tiffany, GU 12315",31,Guayas
Stacy Manning,Roth,millerjuan@example.net,"61914 Amy Coves Suite 724
Schmidtburgh, FM 12632",37,Azuay
Thomas Parks,Davis,bhunter@example.net,"9995 Hunter Freeway
Port Christophermouth, SC 93469",37,Manabí
Michael Thompson,Moore,gbailey@example.com,"14125 Whitney Avenue
Lopezville, FM 46998",39,Guayas
Lisa Myers,Lee,caroladams@example.com,"25242 Erika Light
West Curtis, OH 49516",38,Guayas
Katherine Walters,Torres,marc67@example.net,"175 Benjamin Summit
Baileyville, TX 83641",37,Manabí
Ashley Cobb,Hill,ybrewer@example.com,"828 Whitney Neck Suite 541
Meghanbury, WA 60404",39,Azuay
Alicia Taylor,Walton,benjamin20@example.com,"PSC 9330, Box 8156
APO AE 26127",32,Loja
Pamela Ashley,Shannon,timbuckley@example.com,"3811 Daniel Terrace Suite 235
Acostastad, CA 75424",40,Manabí
Brianna Brown,Brown,jennifergonzales@example.org,"734 David Track
South Michael, RI 07793",32,Pichincha
Natasha Hawkins,Davidson,bautistaangela@example.net,"67230 Moore Road
East Kenneth, CO 82207",33,Manabí
Ray Spencer,Lewis,gsalazar@example.com,"4824 Wood Burgs
West Fredericktown, WV 28384",34,Guayas
Kim Evans,Murphy,armstrongkristina@example.org,"202 Bowman Prairie
Port Donald, NH 48302",38,Manabí
Margaret Morales,Jones,tiffany48@example.com,"00723 Stacey Circle Suite 618
Heatherville, WA 08286",38,Guayas
John Conway,Pitts,lozanochristina@example.com,"3857 Mason Glens Suite 896
West Jason, IA 82460",37,Pichincha
Katherine Parker,Osborne,charles73@example.com,"9489 Hale Knoll
East Codymouth, PA 26742",36,Manabí
Dean Potter,Ramos,vmyers@example.org,"3315 Eric Meadow Suite 307
West Mariohaven, SC 93295",34,Loja
Patrick Perez,Brewer,gabrielaodom@example.com,"11335 Justin Village
Bonniehaven, LA 79424",34,Azuay
Benjamin Berg,Vazquez,mcneiljohn@example.net,"08857 Martin Ranch Apt. 834
South Kaylaside, ID 68989",31,Guayas
Amanda Anderson,Mann,ocurtis@example.net,"453 Johnson Trace
North Andre, TX 46644",32,Guayas
Laurie Brady,Walker,rebeccaoliver@example.com,"57749 Gloria Heights
Roberthaven, NE 96280",33,Pichincha
Jacqueline Carter,Ortiz,uthomas@example.com,"0275 Monica Springs
West Peter, ID 64365",40,Guayas
Rodney Williams,Edwards,austinmata@example.net,"60026 Adams Estates
Weavershire, GU 54649",38,Loja
Michael Parsons,King,michaelreeves@example.net,"728 Jonathan Corner
Lake Hollymouth, FM 13991",35,Manabí
Luis Campbell,Wright,iramsey@example.net,"285 Paul Fort
Port Crystal, AL 23223",38,Manabí
Joseph Buchanan,Nelson,yrogers@example.org,"3279 Burns River Apt. 837
Lake Georgeberg, IL 95923",38,Pichincha
Derek Adams,Carrillo,jeremy86@example.net,"62700 Andrea Dam Suite 538
Austinmouth, NH 02488",33,Manabí
